poblacion,Probabilidad de contagio,Probabilidad de cuarentena,Asintomáticos,Mortalidad,Libertad,Susceptibles,Infectados,Removidos,Muertos,Días transcurrridos
103,52,7,97,50,0,97,0,6,4,15
269,70,26,60,22,0,249,0,20,3,15
163,100,97,5,16,14,0,0,163,23,15
161,40,36,7,12,13,0,0,161,24,16
80,95,50,16,31,8,0,0,80,20,17
166,1,59,46,79,7,156,0,10,7,26
25,53,44,49,41,10,0,0,25,9,27
26,94,15,49,48,9,1,0,25,12,30
232,34,41,28,96,6,32,0,200,192,40
185,1,25,73,7,7,40,0,145,10,74
67,8,70,7,93,16,61,0,6,6,1
280,58,35,83,38,11,0,0,280,117,15
227,76,50,46,61,11,0,0,227,139,15
64,83,45,95,3,10,0,0,64,1,17
229,57,58,86,62,6,0,0,229,146,18
81,55,0,31,43,15,0,0,81,46,20
230,7,52,78,27,13,0,0,230,53,22
155,32,49,80,74,3,14,0,141,95,36
78,13,65,32,77,11,18,0,60,44,43
243,44,49,64,29,1,10,0,233,63,48
75,59,34,4,90,0,68,0,7,6,15
301,48,44,5,26,20,0,0,301,86,15
132,39,88,90,49,14,0,0,132,61,16
312,31,43,27,4,8,0,0,312,12,17
253,62,5,78,22,5,0,0,253,53,19
51,27,7,78,21,20,0,0,51,10,22
239,56,46,16,32,5,0,0,239,70,25
96,66,48,92,22,2,34,0,62,11,34
99,6,14,74,42,13,4,0,95,47,40
98,65,38,36,58,3,10,0,88,48,46
286,67,66,90,74,21,0,0,286,224,15
309,95,15,25,78,13,0,0,309,235,15
356,69,52,21,21,20,0,0,356,76,15
138,34,100,0,65,11,48,0,90,57,16
96,28,35,83,29,18,0,0,96,30,18
327,46,66,79,76,7,0,0,327,240,20
394,27,49,58,91,9,0,0,394,350,20
411,55,16,12,83,1,233,0,178,156,24
143,8,92,7,47,15,101,0,42,21,29
431,88,82,66,66,1,56,0,375,256,34
360,51,80,7,95,11,29,0,331,314,15
145,81,99,3,62,15,1,0,144,81,15
218,93,69,7,86,18,0,0,218,179,15
389,82,97,81,61,16,0,0,389,238,15
148,27,17,82,97,8,69,0,79,76,18
67,33,60,94,30,1,51,0,16,4,22
375,6,33,4,54,14,0,0,375,203,22
298,71,63,57,94,2,229,0,69,67,23
208,28,79,40,25,2,42,0,166,40,40
238,1,15,32,38,9,30,0,208,73,58
42,3,91,4,75,7,37,0,5,4,15
357,57,55,71,93,22,0,0,357,330,15
372,44,89,93,78,12,0,0,372,271,15
316,24,73,21,43,0,285,0,31,11,15
304,40,84,98,64,17,0,0,304,201,16
214,26,31,98,78,17,0,0,214,166,16
139,9,51,69,10,14,0,0,139,17,25
77,42,94,5,22,6,36,0,41,6,25
29,76,77,75,49,11,0,0,29,14,25
105,76,1,8,19,5,0,0,105,18,26
294,54,4,58,81,17,0,0,294,248,15
182,86,23,41,3,17,0,0,182,6,15
322,42,28,74,18,12,0,0,322,60,15
318,100,81,32,72,14,0,0,318,208,15
53,85,89,98,13,10,0,0,53,10,17
200,23,77,89,70,20,0,0,200,139,17
297,28,87,33,58,12,0,0,297,163,19
32,83,2,78,36,11,0,0,32,9,27
311,53,4,38,65,3,0,0,311,189,28
305,18,61,43,96,16,10,0,295,278,33
152,49,17,17,97,1,127,0,25,24,15
347,32,24,62,86,18,0,0,347,294,15
426,88,78,55,62,22,0,0,426,255,15
207,60,80,30,4,16,0,0,207,8,15
360,52,63,75,83,7,0,0,360,280,19
310,47,1,81,34,3,0,0,310,90,25
125,51,19,72,52,6,0,0,125,71,26
424,6,82,31,62,14,1,0,423,253,28
26,47,39,86,73,3,15,0,11,8,33
398,7,37,56,34,2,2,0,396,126,42
214,81,10,59,30,15,0,0,214,59,15
443,87,63,10,62,20,0,0,443,272,15
431,33,84,48,1,18,0,0,431,3,15
359,17,43,98,11,13,0,0,359,31,17
21,8,0,83,9,15,9,0,12,3,23
139,19,53,86,11,9,0,0,139,10,23
109,87,0,79,78,7,0,0,109,80,23
182,6,62,73,34,14,0,0,182,65,29
73,45,75,97,47,5,0,0,73,34,32
368,72,63,48,17,1,1,0,367,72,42
201,95,79,37,10,17,0,0,201,26,15
316,57,51,68,70,10,0,0,316,230,16
302,71,12,66,64,6,0,0,302,200,20
114,97,92,65,15,6,0,0,114,15,20
220,33,62,33,61,1,178,0,42,26,23
218,68,58,46,78,6,1,0,217,153,26
143,62,61,25,81,6,5,0,138,102,28
230,14,17,65,24,5,0,0,230,48,30
246,12,89,34,46,6,1,0,245,115,31
434,50,79,11,31,2,6,0,428,143,45
60,17,25,35,95,1,54,0,6,6,1
194,58,23,95,94,1,178,0,16,16,1
180,99,96,79,45,17,0,0,180,70,15
64,65,36,95,24,14,0,0,64,19,18
269,19,79,32,72,13,0,0,269,185,19
93,54,11,19,98,21,2,0,91,88,20
272,82,45,55,87,11,0,0,272,235,23
284,7,13,55,77,19,0,0,284,219,24
194,26,55,1,4,7,0,0,194,7,24
296,92,7,18,88,4,6,0,290,253,34
184,52,46,44,39,20,0,0,184,81,15
69,28,9,83,0,17,0,0,69,0,18
157,55,18,37,7,5,0,0,157,19,20
106,14,16,32,41,14,0,0,106,46,25
306,55,62,82,17,2,0,0,306,48,27
62,13,91,68,26,10,1,0,61,17,38
426,41,75,18,83,1,288,0,138,108,38
70,81,46,36,39,6,0,0,70,28,43
149,15,88,54,41,4,2,0,147,55,62
190,59,13,7,51,2,17,0,173,86,62
121,54,8,81,88,1,102,0,19,16,15
373,50,15,53,17,0,356,0,17,3,15
148,61,94,32,47,19,0,0,148,71,15
353,19,43,35,6,7,0,0,353,18,17
305,14,29,84,13,14,0,0,305,25,17
444,59,33,27,6,3,0,0,444,23,18
143,42,73,81,7,11,0,0,143,14,18
141,66,35,2,78,9,0,0,141,113,25
294,36,67,15,66,4,0,0,294,192,28
206,66,52,5,87,4,71,0,135,115,29
48,33,21,42,99,15,32,0,16,16,1
208,72,13,53,70,16,0,0,208,148,15
284,37,36,33,30,15,0,0,284,78,15
368,68,78,75,55,17,0,0,368,194,15
405,58,94,13,3,11,0,0,405,17,16
193,16,66,95,57,11,0,0,193,104,19
284,26,11,74,88,9,0,0,284,246,21
189,64,1,2,33,4,0,0,189,61,23
223,11,95,8,100,4,193,0,30,28,28
317,11,72,48,3,2,1,0,316,9,41
135,75,32,68,54,16,0,0,135,80,15
350,99,78,31,48,11,0,0,350,166,15
398,58,61,54,18,9,0,0,398,68,15
343,31,12,14,38,9,0,0,343,151,16
240,33,1,14,52,19,0,0,240,131,16
234,19,13,73,53,11,0,0,234,125,18
286,97,74,14,27,5,0,0,286,75,18
120,53,90,39,90,9,30,0,90,85,25
399,11,98,12,96,13,193,0,206,201,27
55,78,52,87,65,4,11,0,44,27,34
339,24,64,87,81,22,0,0,339,282,15
234,74,60,38,2,15,0,0,234,4,15
441,47,96,27,46,18,0,0,441,210,15
358,88,15,80,12,5,0,0,358,46,16
301,94,35,36,81,10,0,0,301,253,18
365,10,84,90,23,11,0,0,365,90,19
57,45,20,3,54,17,0,0,57,32,19
243,54,36,94,16,3,0,0,243,32,27
370,87,63,38,77,1,292,0,78,63,28
241,24,41,47,47,1,101,0,140,63,89
273,28,88,73,20,19,0,0,273,64,15
314,58,36,62,36,21,0,0,314,103,15
212,74,11,44,61,9,0,0,212,124,16
132,32,8,80,13,11,0,0,132,16,18
218,16,32,3,46,17,0,0,218,96,18
125,12,55,71,28,21,0,0,125,29,21
174,29,26,80,17,4,0,0,174,27,23
202,46,7,69,79,4,6,0,196,157,34
325,16,75,96,99,16,6,0,319,306,40
84,22,84,24,39,3,59,0,25,8,41
263,54,61,56,100,19,5,0,258,254,15
415,64,94,40,59,12,0,0,415,225,15
327,96,82,21,37,7,0,0,327,116,17
420,34,3,42,32,4,0,0,420,132,18
429,24,42,77,19,5,0,0,429,91,18
67,35,48,98,37,19,0,0,67,23,19
157,26,82,13,47,20,0,0,157,76,22
139,60,77,28,31,9,0,0,139,46,25
449,53,71,10,92,3,215,0,234,204,28
286,2,47,76,27,2,75,0,211,56,88
364,42,5,96,69,16,0,0,364,246,15
287,39,14,84,50,20,0,0,287,135,15
347,73,71,26,23,13,0,0,347,84,15
407,61,75,20,24,10,0,0,407,104,15
264,21,6,69,41,7,0,0,264,113,19
15,99,77,8,11,2,8,0,7,1,19
138,22,59,94,67,17,0,0,138,91,20
110,63,65,32,27,9,0,0,110,21,20
63,32,57,30,70,12,0,0,63,43,27
149,30,29,64,72,7,0,0,149,105,30
129,81,43,51,59,19,0,0,129,78,15
375,14,74,77,10,0,349,0,26,1,15
376,57,63,45,52,17,0,0,376,199,15
381,40,95,11,95,0,351,0,30,30,1
11,47,69,15,89,2,6,0,5,5,1
17,40,49,2,96,2,10,0,7,7,1
27,88,0,10,94,1,21,0,6,6,1
226,9,96,16,82,0,217,0,9,6,15
335,24,37,48,17,18,0,0,335,57,15
417,86,66,28,24,10,0,0,417,91,15
246,98,64,43,82,14,0,0,246,192,16
121,31,49,80,1,15,0,0,121,0,17
368,96,24,78,54,5,0,0,368,189,18
10,63,31,32,19,20,0,0,10,2,18
46,71,47,80,40,16,0,0,46,15,18
71,54,100,13,7,3,50,0,21,2,26
235,53,2,32,79,4,4,0,231,186,35
80,71,91,36,57,0,73,0,7,5,15
178,60,51,52,94,9,5,0,173,160,15
367,93,75,51,88,18,0,0,367,331,15
64,20,10,38,87,11,49,0,15,14,15
426,17,78,16,49,20,0,0,426,225,16
324,7,39,80,42,21,0,0,324,130,22
41,26,31,9,83,20,2,0,39,30,24
187,21,91,48,90,20,1,0,186,165,25
140,4,6,87,20,11,0,0,140,36,34
248,44,89,22,41,1,148,0,100,47,37
216,45,6,59,13,22,0,0,216,32,15
404,69,97,63,84,19,0,0,404,332,15
171,59,44,5,83,18,0,0,171,137,15
179,53,71,23,98,11,42,0,137,132,15
216,90,84,69,54,21,0,0,216,121,15
325,54,62,26,61,18,0,0,325,203,15
30,56,91,99,10,17,0,0,30,4,18
170,18,55,42,47,13,0,0,170,86,19
210,13,18,46,69,14,0,0,210,139,24
292,88,37,56,0,2,0,0,292,0,29
372,0,5,60,91,12,367,0,5,4,15
447,90,96,95,75,19,0,0,447,327,15
240,66,86,76,70,21,0,0,240,170,15
408,20,35,20,25,17,0,0,408,105,15
430,59,35,49,64,12,0,0,430,263,15
31,19,81,23,86,11,23,0,8,7,15
365,13,55,85,47,19,0,0,365,178,17
212,70,28,19,44,4,0,0,212,97,26
165,56,95,41,82,6,15,0,150,125,28
362,3,49,42,27,10,1,0,361,101,29
112,97,52,54,52,16,0,0,112,58,15
259,92,27,47,50,11,0,0,259,154,15
293,41,88,11,6,16,0,0,293,18,15
349,80,10,47,79,20,0,0,349,266,15
114,65,2,43,46,15,0,0,114,56,16
50,13,66,68,13,22,0,0,50,4,22
75,24,9,14,59,15,0,0,75,45,23
94,25,38,5,87,19,5,0,89,76,24
26,23,93,76,49,7,15,0,11,4,25
125,13,26,68,80,4,56,0,69,53,30
367,38,42,18,20,16,0,0,367,70,15
448,22,13,31,67,20,0,0,448,299,15
254,57,90,68,95,11,0,0,254,234,16
155,52,70,23,51,9,0,0,155,72,18
247,20,82,79,68,22,0,0,247,162,18
410,32,56,21,90,14,0,0,410,373,20
129,74,77,39,4,7,0,0,129,8,20
60,72,81,58,30,9,0,0,60,21,22
57,28,99,47,2,11,0,0,57,4,28
52,11,1,8,5,1,32,0,20,0,54
425,54,16,54,4,16,0,0,425,21,15
404,45,100,24,79,17,0,0,404,314,15
295,93,99,18,56,12,0,0,295,156,15
150,53,69,99,97,18,12,0,138,135,18
368,14,99,14,55,20,0,0,368,198,23
35,30,12,87,43,21,1,0,34,16,27
174,46,16,16,66,8,0,0,174,110,27
71,61,56,47,49,7,0,0,71,37,32
215,62,34,14,2,3,0,0,215,5,35
31,68,73,21,5,7,2,0,29,1,40
19,8,24,52,96,0,14,0,5,5,1
199,82,84,77,71,13,0,0,199,138,15
272,97,73,47,69,21,0,0,272,179,15
325,67,29,77,57,20,0,0,325,177,15
118,74,94,28,7,15,0,0,118,13,15
311,23,23,33,24,15,0,0,311,66,16
35,88,18,43,52,22,0,0,35,14,17
327,95,71,17,21,5,0,0,327,70,18
86,95,74,47,67,6,7,0,79,51,42
155,95,52,75,8,3,0,0,155,12,44
365,87,52,87,39,10,0,0,365,140,15
104,1,19,31,83,13,97,0,7,6,15
229,65,61,47,22,17,0,0,229,37,15
409,76,16,12,60,14,0,0,409,249,15
219,87,32,83,68,14,0,0,219,150,15
138,77,67,48,72,11,0,0,138,96,17
219,26,35,48,69,17,0,0,219,152,19
328,97,47,29,73,6,0,0,328,239,24
75,79,90,5,7,10,0,0,75,4,24
356,3,20,36,5,6,0,0,356,14,32
325,72,44,19,49,19,0,0,325,160,15
344,43,66,80,78,13,0,0,344,273,16
427,54,87,33,52,7,0,0,427,220,17
92,99,41,12,77,15,0,0,92,65,17
89,91,71,96,38,6,0,0,89,26,20
343,12,9,8,46,8,0,0,343,157,21
145,85,65,31,49,10,0,0,145,78,22
49,52,78,54,6,10,0,0,49,5,23
134,57,94,3,78,12,10,0,124,101,28
150,25,81,55,79,2,105,0,45,34,37
44,64,37,36,88,3,34,0,10,10,1
419,66,69,18,47,13,0,0,419,199,15
232,83,8,51,96,19,0,0,232,223,15
351,62,11,70,55,6,0,0,351,207,16
241,32,55,70,10,9,0,0,241,22,17
129,93,92,71,48,15,0,0,129,49,17
252,20,73,28,77,22,0,0,252,190,18
452,69,52,2,7,4,0,0,452,31,20
173,92,63,0,17,4,0,0,173,31,38
69,52,57,24,83,8,6,0,63,51,47
22,47,97,27,97,16,16,0,6,6,1
407,41,75,80,52,16,0,0,407,197,15
193,19,91,47,10,22,0,0,193,17,17
442,9,12,37,42,13,0,0,442,173,20
299,14,4,100,92,21,2,0,297,277,21
372,95,23,28,22,2,0,0,372,96,25
241,22,66,46,61,9,0,0,241,146,28
130,6,82,12,52,14,30,0,100,59,31
301,8,69,71,82,9,7,0,294,228,39
155,41,88,61,13,1,78,0,77,10,43
11,51,57,33,34,11,4,0,7,4,15
214,52,15,84,5,9,0,0,214,11,17
106,36,39,53,96,20,9,0,97,93,18
214,62,99,65,71,8,0,0,214,151,20
440,20,74,69,46,6,0,0,440,192,20
83,72,60,83,74,19,0,0,83,64,21
239,16,15,4,87,16,0,0,239,187,21
314,15,98,59,85,16,0,0,314,262,24
100,81,14,84,12,5,0,0,100,15,26
218,77,70,64,8,2,0,0,218,20,34
258,88,60,51,20,18,0,0,258,45,15
239,22,14,51,10,20,0,0,239,24,16
174,99,67,91,54,11,0,0,174,92,16
26,92,79,84,68,19,0,0,26,16,17
218,99,29,63,70,6,0,0,218,159,20
421,4,61,29,30,19,0,0,421,120,26
98,25,64,50,86,9,15,0,83,71,28
114,7,85,34,43,17,7,0,107,44,37
68,90,35,1,82,4,40,0,28,21,40
91,36,22,23,44,2,34,0,57,24,55
262,79,8,66,17,22,0,0,262,47,15
334,3,76,8,94,4,316,0,18,17,15
447,74,68,54,34,7,0,0,447,151,16
447,35,42,57,31,7,0,0,447,147,16
307,48,48,67,0,5,0,0,307,0,18
309,98,16,76,33,1,1,0,308,95,30
361,44,75,38,76,1,288,0,73,57,31
44,68,85,100,4,1,35,0,9,2,32
135,6,24,0,22,2,78,0,57,12,39
160,40,50,33,74,7,1,0,159,124,39
201,48,30,54,100,17,67,0,134,134,1
83,50,7,94,99,13,52,0,31,31,1
314,61,43,48,16,12,0,0,314,59,15
368,53,72,22,2,11,0,0,368,10,16
36,63,75,64,2,19,0,0,36,0,16
296,14,27,27,17,17,0,0,296,48,16
229,42,95,82,2,8,0,0,229,4,17
396,90,30,66,80,3,0,0,396,314,23
328,98,97,82,92,1,216,0,112,107,27
275,1,6,11,50,11,55,0,220,102,92
25,12,44,5,97,17,19,0,6,6,1
124,16,100,90,31,0,117,0,7,1,15
299,38,7,59,10,22,0,0,299,33,15
71,44,98,34,77,6,56,0,15,13,15
341,49,88,82,63,20,0,0,341,213,15
385,21,35,32,56,12,0,0,385,213,16
190,89,92,82,75,9,0,0,190,142,16
299,23,58,66,58,8,0,0,299,179,18
156,44,69,82,50,6,0,0,156,82,20
140,12,59,98,36,16,0,0,140,45,23
376,93,45,96,34,19,0,0,376,129,15
323,86,37,3,3,17,0,0,323,7,15
411,41,55,37,19,13,0,0,411,60,16
282,98,75,17,2,4,0,0,282,1,19
101,49,28,34,16,7,0,0,101,17,20
120,81,30,20,22,7,0,0,120,26,21
415,10,96,31,45,4,2,0,413,184,29
122,94,50,2,24,2,28,0,94,21,40
116,21,33,52,81,6,27,0,89,73,49
285,19,71,39,42,1,117,0,168,60,61
64,29,49,82,70,8,54,0,10,10,1
156,5,53,69,92,12,147,0,9,9,1
393,70,21,82,75,16,0,0,393,291,15
239,83,88,67,3,21,0,0,239,6,15
425,37,78,63,46,8,0,0,425,207,16
53,53,23,64,30,22,0,0,53,16,18
296,42,37,38,87,5,19,0,277,245,21
117,87,37,77,49,6,0,0,117,48,34
81,23,3,76,68,18,0,0,81,55,40
411,77,83,29,47,1,57,0,354,174,41
306,28,30,28,98,20,3,0,303,290,15
358,44,30,59,89,12,0,0,358,319,15
175,61,12,7,95,16,0,0,175,161,15
388,98,68,57,97,21,0,0,388,376,15
440,31,43,12,33,21,0,0,440,146,15
384,30,95,66,9,11,0,0,384,41,15
225,46,52,65,34,13,0,0,225,72,16
124,100,66,30,40,12,0,0,124,48,16
290,29,78,94,75,7,0,0,290,213,18
45,35,97,35,73,16,20,0,25,18,26
385,38,33,64,70,11,0,0,385,261,15
373,97,72,55,51,15,0,0,373,192,15
152,88,46,25,81,21,0,0,152,112,16
425,56,2,83,84,7,0,0,425,352,17
158,24,89,60,39,22,0,0,158,61,17
64,46,70,17,15,21,0,0,64,4,21
187,10,63,97,35,14,0,0,187,58,21
23,80,34,99,42,5,4,0,19,7,25
52,2,24,75,56,11,31,0,21,12,34
78,24,95,37,21,7,2,0,76,19,41
104,72,68,45,48,17,0,0,104,44,15
301,84,93,39,84,1,261,0,40,32,16
84,75,58,64,70,13,0,0,84,64,16
159,38,83,65,71,19,0,0,159,120,17
185,30,16,20,50,16,0,0,185,102,17
215,23,32,69,46,14,0,0,215,101,18
180,20,88,45,23,22,0,0,180,35,18
294,33,73,51,49,9,0,0,294,131,18
384,8,14,19,44,8,0,0,384,160,20
104,23,56,58,61,18,0,0,104,62,25
255,92,80,79,59,14,0,0,255,144,15
174,76,55,67,46,21,0,0,174,77,15
372,92,12,27,10,7,0,0,372,32,16
292,87,11,61,49,9,0,0,292,140,16
426,25,19,32,87,21,0,0,426,365,17
43,66,100,6,73,10,12,0,31,18,23
450,84,39,72,86,4,7,0,443,381,24
56,43,47,26,89,17,6,0,50,46,28
434,4,10,19,65,19,0,0,434,277,29
168,30,93,52,4,4,1,0,167,6,37
358,51,90,96,55,16,0,0,358,176,15
385,92,57,85,50,6,0,0,385,199,15
140,36,50,2,2,22,0,0,140,0,16
314,14,77,97,24,8,0,0,314,57,19
14,48,86,96,57,21,2,0,12,8,23
94,13,77,46,53,21,0,0,94,50,33
67,28,23,10,64,7,1,0,66,40,38
309,75,32,58,43,1,8,0,301,114,41
401,3,81,28,63,21,31,0,370,243,46
249,16,2,5,14,1,11,0,238,37,51
216,82,12,7,88,0,211,0,5,5,1
428,86,37,96,55,9,0,0,428,226,15
447,59,44,58,2,9,0,0,447,8,15
31,32,31,12,82,15,17,0,14,13,15
28,21,97,33,57,6,22,0,6,5,15
405,34,20,25,27,16,0,0,405,105,15
49,82,88,53,72,5,39,0,10,8,16
316,38,37,60,16,7,0,0,316,54,16
234,77,78,74,4,6,0,0,234,9,17
137,75,70,55,9,3,0,0,137,5,35
18,7,15,95,98,7,13,0,5,5,1
438,95,29,91,60,9,0,0,438,263,15
419,83,31,19,40,21,0,0,419,165,15
405,39,38,21,86,10,0,0,405,352,15
239,80,41,54,100,16,4,0,235,234,15
248,96,20,96,1,16,0,0,248,1,15
195,11,2,15,38,0,179,0,16,5,15
379,95,76,22,7,17,0,0,379,24,15
324,57,77,96,71,5,0,0,324,231,22
298,98,53,13,42,1,72,0,226,86,58
128,64,68,69,96,0,119,0,9,9,1
280,95,98,5,78,1,267,0,13,9,15
350,100,82,71,8,21,0,0,350,24,15
58,36,45,6,49,17,0,0,58,31,17
322,10,60,42,5,16,0,0,322,13,18
63,72,34,27,94,22,0,0,63,59,19
108,11,48,69,16,15,0,0,108,14,24
221,14,29,37,46,4,1,0,220,99,27
135,4,63,21,8,2,97,0,38,1,40
64,59,69,72,62,2,31,0,33,13,42
451,100,6,30,42,22,0,0,451,186,15
294,45,35,93,44,15,0,0,294,116,15
203,75,36,87,27,15,0,0,203,55,15
450,46,2,48,4,12,0,0,450,13,15
415,28,12,60,78,13,0,0,415,313,17
25,95,44,82,46,15,0,0,25,8,18
379,91,91,57,96,2,220,0,159,150,23
144,60,71,31,59,1,93,0,51,32,25
73,45,48,98,55,7,0,0,73,39,28
194,26,51,9,10,2,34,0,160,12,54
389,52,95,17,59,12,0,0,389,229,15
247,87,78,43,80,15,0,0,247,179,15
385,37,96,94,42,22,0,0,385,174,15
358,63,58,92,65,17,0,0,358,233,15
361,23,58,5,32,9,0,0,361,103,17
142,41,8,83,90,22,0,0,142,130,23
74,59,84,80,24,6,0,0,74,14,26
211,21,8,54,69,6,0,0,211,132,28
145,47,50,8,68,4,13,0,132,84,43
392,12,89,100,60,2,13,0,379,226,69
425,79,45,17,75,10,0,0,425,316,15
400,6,63,33,70,0,378,0,22,17,15
304,59,21,35,100,14,2,0,302,300,15
365,46,16,24,73,10,0,0,365,254,16
296,32,15,10,40,8,0,0,296,116,17
194,20,67,44,28,13,0,0,194,56,19
18,65,67,83,50,6,7,0,11,6,21
177,12,46,39,62,20,0,0,177,106,28
75,20,23,81,52,5,1,0,74,30,32
104,57,70,80,20,2,64,0,40,14,35
256,91,39,41,29,20,0,0,256,64,15
206,64,56,9,40,18,0,0,206,87,15
40,98,18,56,54,19,0,0,40,21,16
185,85,32,10,46,16,0,0,185,80,17
95,43,49,94,41,9,0,0,95,38,18
89,23,91,74,93,13,22,0,67,62,23
136,72,49,61,48,5,0,0,136,62,24
173,21,57,25,73,12,0,0,173,122,27
84,61,51,2,47,8,0,0,84,41,27
69,12,35,25,51,2,30,0,39,19,45
292,54,44,93,86,20,0,0,292,250,15
236,83,17,39,45,15,0,0,236,104,15
422,64,62,29,31,9,0,0,422,106,15
429,52,84,66,77,0,401,0,28,21,15
108,69,92,63,98,7,55,0,53,51,15
242,40,63,75,27,11,0,0,242,60,16
329,55,89,100,22,6,0,0,329,73,17
38,3,31,33,47,17,31,0,7,3,20
53,1,21,86,9,17,43,0,10,2,20
441,81,58,31,96,1,272,0,169,159,27
97,85,0,64,64,22,0,0,97,57,15
277,99,89,96,71,17,0,0,277,199,15
91,98,16,57,54,22,0,0,91,51,15
276,51,41,31,2,13,0,0,276,6,15
52,1,62,7,94,18,46,0,6,4,15
296,100,66,98,79,13,0,0,296,234,15
119,89,60,40,26,22,0,0,119,28,16
53,51,54,38,42,17,0,0,53,27,20
123,38,83,3,87,17,1,0,122,102,21
80,39,36,59,27,5,2,0,78,25,47
449,38,92,20,47,11,0,0,449,200,15
338,0,52,42,14,11,333,0,5,1,15
379,60,32,55,84,16,0,0,379,321,16
117,67,5,73,65,17,0,0,117,81,17
401,16,35,89,20,5,0,0,401,74,18
95,52,69,19,74,22,0,0,95,73,27
151,49,82,37,52,8,2,0,149,95,31
157,4,4,84,2,7,0,0,157,4,38
179,30,80,85,22,3,2,0,177,34,41
413,5,85,55,44,4,2,0,411,186,44
194,76,96,92,8,21,0,0,194,14,15
368,48,6,69,56,19,0,0,368,224,15
405,30,38,85,65,10,0,0,405,266,15
388,69,25,60,62,0,373,0,15,5,15
248,80,85,34,3,13,0,0,248,4,15
266,33,51,31,49,18,0,0,266,138,16
13,21,26,7,16,8,5,0,8,1,16
400,36,29,58,32,7,0,0,400,109,16
276,37,29,74,32,15,0,0,276,101,16
418,11,78,69,69,6,0,0,418,287,28
243,30,63,94,97,4,214,0,29,29,1
338,4,48,62,94,1,325,0,13,13,1
146,6,20,29,98,11,132,0,14,14,1
391,82,33,80,16,10,0,0,391,61,15
140,94,92,99,69,0,128,0,12,10,15
422,40,98,96,91,16,0,0,422,388,18
34,90,83,23,62,5,18,0,16,12,18
53,94,69,83,2,5,0,0,53,0,26
16,15,46,68,19,10,4,0,12,2,40
190,68,36,83,47,1,72,0,118,53,74
53,99,26,6,99,10,34,0,19,19,1
373,77,23,21,78,17,0,0,373,298,15
317,31,17,80,47,21,0,0,317,139,15
218,84,62,86,25,13,0,0,218,58,15
450,36,84,54,23,9,0,0,450,101,15
267,73,0,91,56,12,0,0,267,153,16
195,22,50,22,27,10,0,0,195,54,18
411,93,53,75,63,2,1,0,410,247,23
159,33,33,6,13,3,9,0,150,14,39
300,24,18,49,39,1,8,0,292,100,84
391,100,96,58,56,16,0,0,391,216,15
101,2,84,58,88,17,89,0,12,10,15
79,52,21,79,83,14,0,0,79,59,15
261,19,66,81,33,16,0,0,261,76,17
94,68,21,23,48,11,0,0,94,40,17
189,91,43,43,88,10,0,0,189,166,18
226,29,0,64,70,17,0,0,226,170,19
51,95,90,95,43,13,0,0,51,20,20
440,97,10,8,86,5,0,0,440,379,22
147,9,16,67,16,14,0,0,147,26,28
25,31,26,40,88,17,18,0,7,7,1
280,0,62,10,13,8,275,0,5,0,15
291,100,62,35,92,22,0,0,291,259,15
397,74,17,40,46,16,0,0,397,183,15
430,23,71,80,57,11,0,0,430,243,16
351,36,84,96,15,8,0,0,351,50,16
33,28,33,68,28,1,27,0,6,3,20
342,35,69,72,51,5,0,0,342,177,21
109,80,61,92,83,4,23,0,86,71,39
43,3,31,40,27,9,26,0,17,2,48
213,26,62,0,38,20,0,0,213,88,15
402,98,35,62,27,8,0,0,402,120,15
326,67,44,24,25,0,306,0,20,6,15
243,33,70,30,6,17,0,0,243,21,15
301,88,93,88,19,10,0,0,301,64,15
381,97,64,45,69,17,0,0,381,261,15
397,92,39,71,59,9,0,0,397,241,16
316,11,77,53,40,15,0,0,316,137,19
202,5,34,96,29,18,0,0,202,54,23
171,40,66,81,75,4,17,0,154,117,51
197,93,80,65,35,11,0,0,197,66,15
148,56,39,86,55,15,0,0,148,72,15
451,14,36,46,37,22,0,0,451,172,16
181,37,78,97,55,17,0,0,181,113,16
316,11,34,21,51,15,0,0,316,165,19
142,34,9,34,84,21,0,0,142,122,25
328,8,11,70,41,6,0,0,328,144,26
408,5,6,92,78,22,1,0,407,312,28
68,15,97,37,12,13,1,0,67,5,31
440,2,85,59,18,20,1,0,439,73,32
365,70,12,14,15,22,0,0,365,47,15
191,81,81,34,30,0,175,0,16,3,15
312,68,65,91,43,21,0,0,312,149,15
180,71,37,57,18,13,0,0,180,28,15
298,86,74,34,93,2,249,0,49,43,15
252,26,80,42,22,21,0,0,252,53,16
84,100,4,20,2,10,0,0,84,0,19
184,69,43,99,72,9,0,0,184,133,20
390,69,47,59,26,1,15,0,375,110,41
187,93,50,94,1,2,0,0,187,0,42
14,27,15,88,33,2,8,0,6,4,15
255,25,41,19,77,0,247,0,8,4,15
183,46,46,53,96,16,0,0,183,171,15
210,55,9,21,21,12,0,0,210,39,16
60,79,28,1,41,17,0,0,60,28,19
225,53,49,12,86,8,1,0,224,184,23
183,24,61,6,75,8,0,0,183,133,29
134,75,74,14,38,6,0,0,134,59,30
113,5,3,79,54,14,2,0,111,55,33
224,5,90,6,13,3,171,0,53,11,48
300,36,65,2,64,22,0,0,300,203,15
402,62,18,79,82,20,0,0,402,326,15
394,58,53,9,58,0,355,0,39,20,15
196,51,56,15,44,0,181,0,15,5,15
377,37,36,62,69,13,0,0,377,262,16
222,87,58,69,77,10,0,0,222,176,16
257,22,27,21,9,16,0,0,257,23,16
59,39,79,91,5,13,0,0,59,0,18
152,43,49,47,80,12,0,0,152,127,22
325,52,94,48,96,5,57,0,268,253,23
195,40,71,82,60,14,0,0,195,111,15
418,58,93,7,28,15,0,0,418,130,15
425,63,69,17,17,21,0,0,425,69,15
447,66,59,67,8,0,363,0,84,7,15
246,65,14,80,10,16,0,0,246,24,15
135,50,18,9,40,14,0,0,135,55,16
394,24,13,32,17,10,0,0,394,62,16
20,57,39,53,18,7,5,0,15,3,22
90,59,24,52,60,13,0,0,90,60,25
77,22,51,61,44,5,5,0,72,29,37
305,74,55,16,16,19,0,0,305,45,15
349,92,2,89,44,9,0,0,349,157,15
110,77,49,49,77,22,0,0,110,84,15
231,86,18,37,93,17,0,0,231,218,15
296,39,30,57,23,22,0,0,296,65,15
212,93,13,14,84,9,0,0,212,171,17
44,34,15,9,42,2,33,0,11,6,29
266,10,96,65,85,3,134,0,132,111,31
408,4,58,32,62,14,0,0,408,258,37
58,28,1,41,52,2,21,0,37,18,44
334,82,55,27,1,14,0,0,334,3,15
451,51,2,23,11,16,0,0,451,48,15
429,45,94,80,29,11,0,0,429,135,16
399,25,54,57,56,16,0,0,399,208,16
46,68,16,77,33,13,0,0,46,15,17
344,18,8,24,47,10,0,0,344,164,18
55,51,8,94,43,15,0,0,55,20,21
110,90,78,78,40,7,0,0,110,43,21
149,11,51,46,66,15,2,0,147,101,37
370,1,16,20,3,10,5,0,365,7,45
166,39,17,12,10,20,0,0,166,18,16
145,64,38,12,14,18,0,0,145,20,16
413,8,41,46,1,20,0,0,413,6,17
213,22,10,23,12,9,0,0,213,23,17
361,16,69,2,51,13,0,0,361,191,19
209,64,94,94,3,4,0,0,209,6,26
148,12,96,61,76,14,3,0,145,106,33
240,91,100,41,87,5,31,0,209,173,36
184,88,17,83,49,1,143,0,41,19,39
343,24,75,59,71,3,3,0,340,241,47
377,46,13,5,95,0,367,0,10,9,15
281,73,28,89,21,16,0,0,281,57,15
290,41,38,57,93,17,0,0,290,271,16
270,92,1,4,82,7,0,0,270,234,18
199,21,23,14,47,16,0,0,199,87,19
85,40,74,22,44,15,0,0,85,30,20
200,28,67,98,89,9,1,0,199,176,21
207,76,3,36,50,3,0,0,207,95,29
82,77,46,53,96,21,0,0,82,78,34
236,57,50,78,23,2,0,0,236,55,37
13,5,41,91,99,14,8,0,5,5,1
395,38,54,94,88,16,0,0,395,351,15
196,80,28,36,51,12,0,0,196,98,16
214,28,100,92,2,22,0,0,214,3,16
310,48,13,2,58,7,0,0,310,147,19
327,10,84,92,42,9,0,0,327,140,22
48,25,72,27,74,16,33,0,15,11,23
37,28,84,27,48,22,2,0,35,22,27
97,92,23,73,39,5,0,0,97,41,34
191,2,39,32,74,9,109,0,82,59,75
315,77,13,61,78,0,289,0,26,19,15
311,79,0,24,58,22,0,0,311,172,15
252,97,30,82,68,11,0,0,252,176,15
205,83,3,21,1,9,0,0,205,0,17
224,20,74,32,27,22,0,0,224,63,17
163,31,20,37,36,19,0,0,163,61,17
138,93,42,2,28,11,0,0,138,32,17
440,23,65,92,96,3,254,0,186,175,27
290,83,50,22,18,2,0,0,290,62,34
209,5,73,16,42,2,156,0,53,27,51
320,72,12,60,53,0,304,0,16,7,15
392,78,71,50,85,20,0,0,392,338,15
183,95,77,80,19,14,0,0,183,42,15
130,86,40,43,43,18,0,0,130,65,16
225,19,63,68,1,21,0,0,225,1,17
199,24,11,99,56,16,0,0,199,110,18
283,76,50,53,1,4,0,0,283,5,19
97,40,56,39,48,13,0,0,97,48,19
131,76,17,21,95,7,45,0,86,81,26
261,8,94,21,2,4,1,0,260,3,48
136,84,83,91,14,17,0,0,136,15,15
270,44,26,51,64,18,0,0,270,168,15
273,89,94,26,89,18,0,0,273,242,15
435,35,83,50,14,11,0,0,435,64,15
108,37,87,32,12,16,0,0,108,6,16
52,77,10,85,42,15,0,0,52,17,17
392,64,30,0,63,6,0,0,392,237,19
239,40,5,36,96,15,0,0,239,224,25
163,30,59,54,71,1,117,0,46,29,33
339,34,5,45,88,3,24,0,315,261,49
268,6,90,82,96,20,233,0,35,35,1
440,100,23,16,67,21,0,0,440,277,15
92,82,68,12,36,0,82,0,10,3,15
93,48,51,70,25,20,0,0,93,22,17
229,33,46,22,28,12,0,0,229,55,17
266,44,82,17,89,13,1,0,265,236,23
253,5,49,63,10,19,0,0,253,24,24
69,33,47,50,68,8,3,0,66,45,34
33,82,37,98,26,6,1,0,32,7,37
399,14,41,13,91,11,3,0,396,359,41
17,81,60,97,96,7,9,0,8,8,1
301,34,98,28,100,12,70,0,231,231,1
347,77,74,6,74,19,0,0,347,269,15
243,72,14,0,58,19,0,0,243,134,15
200,80,71,32,0,12,0,0,200,0,17
65,55,66,66,47,19,0,0,65,29,18
335,13,58,61,98,15,27,0,308,298,25
31,59,9,13,20,4,7,0,24,3,28
159,16,88,49,50,2,110,0,49,22,39
68,8,80,42,54,19,7,0,61,32,48
200,98,16,82,37,18,0,0,200,72,15
374,73,22,27,59,13,0,0,374,217,15
18,19,86,16,66,2,12,0,6,5,15
186,44,11,75,16,13,0,0,186,31,16
35,74,5,3,40,16,0,0,35,14,16
193,74,18,55,93,16,0,0,193,175,16
19,28,100,19,66,18,8,0,11,7,19
61,78,23,71,93,22,1,0,60,55,22
22,26,15,54,51,14,3,0,19,12,33
340,67,31,17,71,1,70,0,270,179,50
426,71,18,54,31,20,0,0,426,130,15
357,67,100,98,34,17,0,0,357,117,15
200,95,27,6,62,9,0,0,200,119,16
406,16,29,25,35,21,0,0,406,144,16
282,19,22,38,1,10,0,0,282,1,18
121,30,5,100,97,17,13,0,108,104,19
209,22,38,90,43,8,0,0,209,94,21
85,54,37,6,59,11,0,0,85,51,22
59,28,84,80,71,18,0,0,59,40,25
87,24,18,97,90,10,17,0,70,62,57
440,72,16,72,57,15,0,0,440,252,15
179,95,93,84,51,19,0,0,179,86,15
385,1,92,3,68,9,378,0,7,4,15
300,46,0,82,17,9,0,0,300,56,16
302,80,53,6,29,5,0,0,302,95,16
375,57,26,32,84,6,0,0,375,307,18
25,23,36,41,88,15,6,0,19,16,27
245,13,67,91,62,5,0,0,245,161,27
331,46,38,41,91,1,237,0,94,80,31
50,31,80,37,6,4,6,0,44,0,39
445,49,55,68,88,22,0,0,445,369,15
365,44,69,92,57,0,334,0,31,16,15
302,88,16,14,16,13,0,0,302,52,15
329,65,68,86,36,0,313,0,16,5,15
234,52,60,40,10,12,0,0,234,31,16
262,37,99,65,30,9,0,0,262,79,17
203,21,82,23,32,13,0,0,203,53,18
375,49,45,71,28,3,0,0,375,118,20
191,11,91,95,11,12,0,0,191,19,20
130,80,84,81,89,11,1,0,129,118,21
346,76,71,20,98,19,0,0,346,337,15
204,73,84,39,19,15,0,0,204,41,15
410,58,63,11,47,11,0,0,410,188,15
40,60,80,14,77,6,21,0,19,13,18
86,48,46,2,93,21,4,0,82,73,19
57,51,46,20,32,12,0,0,57,19,22
14,75,55,88,36,15,0,0,14,5,23
113,72,99,39,64,13,0,0,113,71,25
142,79,2,46,48,2,10,0,132,64,52
257,88,1,20,85,3,28,0,229,192,55
222,95,22,66,67,15,0,0,222,148,15
358,45,100,66,99,20,0,0,358,350,15
351,76,43,27,52,20,0,0,351,181,15
394,75,60,57,89,0,362,0,32,26,15
316,48,36,44,58,13,0,0,316,178,16
54,51,76,96,14,14,0,0,54,8,16
87,92,1,9,24,14,0,0,87,26,17
318,10,64,69,81,7,2,0,316,249,26
81,66,92,37,60,17,0,0,81,52,26
298,34,84,38,95,12,7,0,291,275,27
436,98,76,75,97,16,0,0,436,421,15
291,26,93,24,15,0,276,0,15,1,15
272,65,81,83,17,0,254,0,18,2,15
366,66,46,3,85,12,0,0,366,313,15
312,86,72,87,65,15,0,0,312,192,15
63,77,70,66,2,0,57,0,6,1,15
111,45,56,14,36,19,0,0,111,41,18
101,31,62,35,23,15,0,0,101,21,18
38,98,50,36,69,15,0,0,38,28,27
34,69,88,60,17,7,1,0,33,4,29
43,98,31,78,100,4,35,0,8,8,1
96,77,89,20,97,15,21,0,75,73,15
398,2,84,0,89,5,388,0,10,9,15
424,19,2,96,19,19,0,0,424,77,15
32,65,74,81,83,8,22,0,10,9,15
285,62,31,0,73,14,0,0,285,216,19
26,49,48,7,11,18,0,0,26,3,19
347,13,52,56,58,6,0,0,347,185,23
278,28,2,57,81,4,0,0,278,217,27
369,75,33,4,25,1,12,0,357,86,60
272,27,75,73,33,0,240,0,32,6,15
153,66,62,78,74,16,0,0,153,113,16
441,14,93,77,30,12,0,0,441,139,16
383,21,73,88,24,8,0,0,383,76,17
360,52,97,20,79,10,0,0,360,292,18
296,51,77,44,49,7,0,0,296,154,19
317,9,81,60,50,11,0,0,317,156,24
306,3,20,96,14,13,0,0,306,51,29
206,79,60,64,66,3,2,0,204,125,42
100,9,18,9,63,8,25,0,75,52,43
20,2,51,35,92,11,14,0,6,6,1
59,25,33,14,99,19,51,0,8,8,1
268,48,73,99,58,21,0,0,268,162,15
443,90,43,5,56,18,0,0,443,247,15
440,74,38,59,87,13,0,0,440,374,15
188,88,14,59,82,10,0,0,188,150,17
302,79,63,60,80,7,0,0,302,237,20
201,61,88,80,3,3,0,0,201,11,26
27,49,29,39,60,17,1,0,26,19,28
106,6,95,68,56,14,9,0,97,53,53
323,4,100,12,100,21,306,0,17,17,1
270,46,69,96,36,0,253,0,17,4,15
343,0,56,27,40,15,338,0,5,2,15
314,56,53,42,69,21,0,0,314,209,15
182,73,25,86,7,11,0,0,182,16,16
364,37,1,66,70,10,0,0,364,252,16
217,29,99,79,63,20,0,0,217,135,17
22,62,21,91,12,1,14,0,8,1,28
401,69,36,45,79,1,202,0,199,159,50
266,4,95,5,50,9,136,0,130,69,56
222,79,14,39,79,1,180,0,42,36,15
276,55,21,66,35,18,0,0,276,113,15
208,91,54,22,75,16,0,0,208,163,15
123,87,87,80,43,16,0,0,123,49,16
275,31,59,29,15,12,0,0,275,41,16
372,19,28,28,9,10,0,0,372,37,17
92,76,43,54,12,7,0,0,92,10,23
174,22,96,52,9,4,0,0,174,16,39
340,18,32,51,85,4,25,0,315,271,40
276,58,75,45,33,1,135,0,141,47,51
309,79,24,79,19,21,0,0,309,45,15
255,49,52,14,93,18,0,0,255,234,15
296,85,17,22,70,9,0,0,296,205,16
129,63,84,99,49,14,0,0,129,72,16
294,83,100,90,26,5,0,0,294,86,18
202,23,90,21,39,17,0,0,202,95,19
265,49,31,33,90,12,0,0,265,236,22
72,33,9,19,76,14,0,0,72,51,24
393,30,72,78,96,8,7,0,386,372,28
18,58,83,89,27,8,2,0,16,6,55
439,44,30,15,28,14,0,0,439,127,15
430,73,66,39,89,21,0,0,430,380,15
176,48,64,84,17,14,0,0,176,24,16
183,41,31,67,76,13,0,0,183,132,18
176,45,49,10,23,12,0,0,176,42,19
273,67,9,60,27,5,0,0,273,67,20
50,80,75,56,4,10,0,0,50,1,21
162,44,48,56,70,10,0,0,162,119,21
208,9,92,32,7,19,0,0,208,10,23
296,4,43,65,46,1,120,0,176,74,140
436,50,14,53,37,11,0,0,436,163,15
318,70,63,71,69,20,0,0,318,222,15
121,41,19,89,14,22,0,0,121,16,16
140,55,36,15,59,18,0,0,140,72,16
38,80,67,68,23,14,0,0,38,6,18
247,42,45,28,59,7,0,0,247,153,22
13,56,40,3,55,10,3,0,10,5,24
345,11,20,97,12,4,0,0,345,42,25
90,71,69,64,9,1,61,0,29,2,42
108,6,52,67,64,19,15,0,93,64,45
312,10,79,55,99,17,229,0,83,81,15
267,72,91,96,3,21,0,0,267,5,15
441,51,65,11,29,0,410,0,31,11,15
261,59,48,56,54,7,0,0,261,139,17
232,23,66,19,45,14,0,0,232,98,18
109,69,31,12,0,11,0,0,109,0,18
225,26,2,21,27,8,0,0,225,57,19
366,10,50,85,92,13,9,0,357,328,29
162,52,41,70,55,4,1,0,161,94,30
200,30,55,54,82,3,73,0,127,97,74
53,2,81,66,90,13,48,0,5,5,1
228,94,26,2,66,18,0,0,228,166,15
156,91,77,72,40,15,0,0,156,69,15
302,0,39,18,50,3,297,0,5,2,15
375,30,42,97,2,19,0,0,375,7,15
291,22,37,24,35,0,277,0,14,9,15
31,98,18,31,57,6,8,0,23,13,21
229,12,34,100,82,10,1,0,228,186,29
333,51,21,74,52,1,27,0,306,150,51
352,2,63,67,61,10,25,0,327,217,64
227,46,35,59,96,2,197,0,30,29,15
349,25,11,70,27,0,321,0,28,9,15
308,63,72,58,43,7,0,0,308,122,16
388,97,22,26,9,4,0,0,388,34,17
413,32,14,74,14,6,0,0,413,57,17
134,75,57,74,43,9,0,0,134,49,19
173,83,22,73,55,5,0,0,173,89,22
439,4,83,87,31,9,0,0,439,136,26
303,22,27,100,94,11,1,0,302,283,37
154,7,31,28,79,9,10,0,144,109,44
261,58,53,96,49,22,0,0,261,140,15
452,65,61,12,91,18,0,0,452,402,15
280,99,27,69,68,22,0,0,280,183,15
241,90,1,41,79,12,0,0,241,187,15
434,66,18,46,0,7,0,0,434,0,16
240,63,86,51,16,11,0,0,240,50,16
266,89,28,18,72,11,0,0,266,196,16
157,62,8,84,62,11,0,0,157,96,16
244,81,53,21,43,6,0,0,244,101,17
247,75,67,3,49,7,0,0,247,123,19
135,87,67,54,27,18,0,0,135,34,15
387,98,95,91,26,11,0,0,387,91,15
374,58,76,5,58,12,0,0,374,206,15
411,11,11,18,51,20,0,0,411,222,18
139,34,65,98,40,10,0,0,139,55,19
212,9,3,0,15,14,0,0,212,28,20
33,26,86,87,48,5,18,0,15,9,22
24,74,4,36,91,7,4,0,20,17,25
147,40,45,17,73,5,2,0,145,95,30
106,45,63,89,28,5,0,0,106,32,30
404,52,33,5,80,12,0,0,404,316,15
440,75,24,60,13,19,0,0,440,72,15
201,80,18,51,23,18,0,0,201,43,15
441,34,21,53,12,0,387,0,54,10,15
127,87,8,20,55,13,0,0,127,72,16
297,31,73,92,79,15,0,0,297,232,16
176,95,8,92,19,7,0,0,176,31,18
258,60,63,44,86,8,0,0,258,219,21
62,46,16,47,61,14,0,0,62,39,22
84,75,27,88,94,11,3,0,81,73,36
142,94,97,11,25,12,0,0,142,31,15
430,45,7,31,84,14,0,0,430,339,15
356,92,86,5,95,18,0,0,356,338,15
116,64,46,20,38,19,0,0,116,46,15
360,53,34,82,2,7,0,0,360,8,16
247,14,44,98,4,17,0,0,247,11,17
18,29,7,50,59,22,3,0,15,9,27
184,79,87,1,61,5,17,0,167,107,27
221,25,37,65,86,3,57,0,164,136,38
378,26,35,54,96,5,125,0,253,241,54
340,78,53,86,39,20,0,0,340,129,15
385,47,20,61,35,12,0,0,385,151,15
191,90,29,5,98,11,1,0,190,182,15
27,77,37,98,99,14,9,0,18,17,15
344,29,45,87,89,0,336,0,8,6,15
245,64,34,71,81,15,0,0,245,191,17
449,96,57,69,36,4,0,0,449,154,17
67,45,72,10,58,4,36,0,31,16,37
252,22,90,45,61,2,77,0,175,98,54
91,91,15,69,2,3,5,0,86,3,65
22,9,44,8,95,14,17,0,5,5,1
253,47,95,31,25,14,0,0,253,73,15
235,59,72,40,97,13,4,0,231,224,15
363,80,87,83,79,17,0,0,363,294,15
148,37,57,46,28,20,0,0,148,42,15
284,56,51,22,51,21,0,0,284,152,15
445,11,28,1,20,17,0,0,445,78,16
265,20,91,32,46,22,0,0,265,130,18
338,38,92,93,36,7,0,0,338,129,18
308,54,57,75,55,2,18,0,290,139,48
57,28,98,32,98,7,44,0,13,13,1
188,96,29,100,96,19,0,0,188,179,15
195,90,68,99,25,9,0,0,195,54,16
127,59,12,34,10,15,0,0,127,11,16
184,43,90,74,25,6,0,0,184,32,20
328,52,78,4,65,6,0,0,328,208,21
327,33,100,20,73,1,264,0,63,45,26
247,35,100,51,44,1,145,0,102,48,37
258,14,25,32,87,5,34,0,224,188,41
87,41,14,15,5,1,57,0,30,1,43
395,84,17,22,52,12,0,0,395,200,15
444,35,74,13,94,20,0,0,444,424,15
258,42,89,99,18,11,0,0,258,47,16
74,76,49,22,8,10,0,0,74,6,20
155,76,21,12,51,6,0,0,155,77,21
343,31,77,74,87,8,0,0,343,290,23
201,32,43,37,3,3,0,0,201,9,27
212,15,100,62,55,17,0,0,212,114,28
222,65,52,81,52,3,0,0,222,124,46
445,1,83,62,49,8,82,0,363,200,90
267,59,44,65,84,17,0,0,267,223,15
379,59,85,96,16,17,0,0,379,53,15
126,86,87,100,61,21,0,0,126,73,15
340,26,88,63,95,0,313,0,27,26,15
325,33,98,88,51,13,0,0,325,158,15
193,21,1,60,31,18,0,0,193,49,16
289,23,42,34,23,15,0,0,289,64,16
65,42,24,76,85,11,3,0,62,49,25
256,5,29,82,22,5,0,0,256,58,28
24,68,31,96,78,15,0,0,24,19,34
436,81,94,66,45,14,0,0,436,186,15
310,31,83,24,34,21,0,0,310,118,15
365,44,74,14,60,21,0,0,365,217,15
398,69,13,82,15,19,0,0,398,75,15
422,76,31,65,20,19,0,0,422,89,15
144,41,13,48,59,10,0,0,144,77,17
78,36,45,80,66,20,0,0,78,49,21
127,67,90,30,77,17,0,0,127,96,25
56,26,70,80,74,16,1,0,55,41,38
218,13,29,35,36,3,0,0,218,80,41
135,20,7,76,97,1,128,0,7,7,1
212,0,70,83,4,20,207,0,5,1,15
408,93,100,94,80,0,371,0,37,28,15
332,55,43,49,22,11,0,0,332,61,15
390,85,86,67,30,8,0,0,390,110,16
52,48,64,35,9,17,0,0,52,6,18
218,33,20,34,16,7,0,0,218,34,18
374,40,3,20,28,4,0,0,374,97,20
215,15,73,26,82,6,144,0,71,64,27
62,43,62,29,82,21,14,0,48,41,27
42,31,87,11,41,3,35,0,7,1,15
451,74,94,10,14,10,0,0,451,70,15
323,87,63,95,1,6,0,0,323,3,16
359,58,77,65,43,9,0,0,359,139,16
161,38,22,53,36,14,0,0,161,54,17
347,98,30,7,44,4,0,0,347,147,17
70,45,4,2,87,3,54,0,16,13,20
179,26,96,32,25,15,0,0,179,51,21
267,20,53,64,17,5,0,0,267,33,21
180,9,89,43,11,15,0,0,180,21,24
359,20,66,61,37,17,0,0,359,131,15
269,98,78,54,98,15,0,0,269,263,15
357,46,44,24,27,11,0,0,357,92,15
327,100,9,36,93,12,0,0,327,304,15
53,21,39,92,74,0,47,0,6,3,15
333,13,31,18,58,0,292,0,41,23,15
190,8,84,20,83,0,179,0,11,8,15
193,35,27,11,35,14,0,0,193,54,18
296,86,52,17,52,3,2,0,294,151,36
328,1,62,100,70,1,292,0,36,16,41
19,51,41,48,83,4,9,0,10,6,15
278,82,17,66,71,22,0,0,278,198,15
352,39,71,65,80,14,0,0,352,282,15
320,67,82,42,31,14,0,0,320,94,15
248,90,23,61,83,8,0,0,248,196,19
363,27,98,86,100,10,20,0,343,337,23
189,6,50,80,3,8,0,0,189,1,26
37,3,11,94,45,7,25,0,12,4,26
59,39,72,32,11,2,44,0,15,2,28
44,66,63,70,83,5,14,0,30,22,34
265,6,25,13,47,0,241,0,24,11,15
320,99,71,30,40,16,0,0,320,135,15
148,28,7,88,41,0,139,0,9,3,15
344,98,11,71,69,14,0,0,344,237,15
408,81,76,82,78,21,0,0,408,312,15
209,96,35,36,38,0,195,0,14,5,15
373,24,86,94,58,15,0,0,373,219,16
40,34,49,38,6,16,0,0,40,3,19
193,78,36,26,95,9,5,0,188,175,22
327,18,88,63,24,6,0,0,327,81,23
193,70,60,86,71,20,0,0,193,136,15
249,80,100,76,25,16,0,0,249,53,15
243,33,37,46,57,13,0,0,243,123,16
244,69,73,24,83,9,0,0,244,205,20
319,8,70,5,99,15,224,0,95,89,25
43,34,90,54,23,18,0,0,43,12,25
295,8,89,64,42,7,0,0,295,117,29
267,43,90,82,41,2,1,0,266,103,45
218,67,32,17,26,2,2,0,216,54,49
102,3,40,26,20,20,11,0,91,20,53
233,96,77,30,69,18,0,0,233,158,15
397,81,10,30,31,18,0,0,397,113,15
82,88,44,54,58,16,0,0,82,35,15
139,80,73,78,87,0,130,0,9,8,15
142,66,9,88,0,14,0,0,142,0,16
365,39,10,56,68,6,0,0,365,249,18
355,54,72,63,2,4,0,0,355,9,20
220,44,82,97,92,20,0,0,220,206,21
195,86,73,27,33,6,0,0,195,62,21
16,29,4,95,10,7,0,0,16,2,47
429,84,54,52,92,11,0,0,429,396,15
295,66,55,13,59,16,0,0,295,167,15
241,48,97,42,32,12,0,0,241,77,16
93,52,38,73,60,13,0,0,93,53,19
147,51,77,16,29,11,0,0,147,38,19
96,32,29,92,39,16,0,0,96,42,21
31,28,43,60,6,11,0,0,31,0,23
162,70,74,69,64,5,1,0,161,105,27
440,10,98,30,15,3,1,0,439,75,28
42,16,13,81,85,8,17,0,25,21,40
415,96,82,44,28,16,0,0,415,117,15
421,64,11,86,74,17,0,0,421,307,15
175,48,96,17,9,19,0,0,175,21,15
337,70,11,5,21,13,0,0,337,65,15
400,53,42,84,46,10,0,0,400,175,15
300,74,92,48,1,6,0,0,300,2,17
244,92,36,13,33,4,0,0,244,67,21
208,57,74,16,78,11,0,0,208,160,24
43,5,86,53,27,5,22,0,21,8,32
380,13,48,19,79,2,171,0,209,169,40
244,73,86,29,91,1,204,0,40,36,15
389,63,14,56,83,20,0,0,389,326,15
55,94,77,30,47,2,40,0,15,5,17
40,26,6,30,15,17,0,0,40,4,21
405,93,48,29,48,2,0,0,405,186,22
327,43,81,5,80,14,0,0,327,258,22
269,79,86,12,73,6,1,0,268,194,26
390,16,31,90,96,12,2,0,388,365,26
395,22,54,85,16,1,3,0,392,79,45
103,67,26,26,45,3,12,0,91,34,73
261,34,32,64,8,17,0,0,261,24,15
166,77,53,44,54,17,0,0,166,93,15
54,70,78,19,36,20,0,0,54,20,17
306,66,30,30,78,12,0,0,306,230,17
204,72,20,61,63,6,0,0,204,131,26
379,66,91,79,84,2,168,0,211,181,26
40,15,90,75,60,13,2,0,38,19,28
254,32,44,91,75,5,1,0,253,199,37
230,48,52,33,83,2,74,0,156,128,43
73,8,73,32,16,12,13,0,60,10,44
50,81,98,14,76,7,33,0,17,15,15
305,66,3,33,26,10,0,0,305,82,15
73,49,45,53,83,5,37,0,36,33,15
85,100,84,17,91,8,39,0,46,42,20
447,4,1,63,64,22,0,0,447,268,25
53,93,96,25,0,3,36,0,17,0,28
57,11,71,48,35,13,0,0,57,16,30
72,86,93,74,82,4,24,0,48,36,30
176,24,90,14,34,3,125,0,51,16,31
126,75,40,42,8,3,0,0,126,9,34
397,77,54,92,83,22,0,0,397,316,15
319,26,8,48,0,22,0,0,319,0,15
182,79,26,84,70,15,0,0,182,120,16
435,14,16,92,64,15,0,0,435,273,17
430,7,12,30,70,22,0,0,430,309,20
190,23,55,8,73,11,0,0,190,136,23
424,9,71,0,54,13,1,0,423,209,23
401,47,96,69,88,5,2,0,399,342,27
96,72,49,53,76,6,4,0,92,66,28
431,49,16,53,15,1,0,0,431,63,35
46,85,69,53,97,10,34,0,12,12,1
305,55,73,100,59,18,0,0,305,174,15
284,47,93,78,17,0,275,0,9,0,15
401,30,85,4,70,14,0,0,401,277,18
434,6,4,89,50,18,0,0,434,214,22
159,22,15,54,91,16,0,0,159,142,28
323,57,54,44,89,3,140,0,183,155,38
300,6,78,3,71,10,59,0,241,168,43
130,5,90,68,17,6,2,0,128,25,44
109,6,77,56,54,12,3,0,106,59,49
377,95,85,62,89,20,0,0,377,334,15
339,56,97,25,18,19,0,0,339,81,15
314,45,43,100,6,12,0,0,314,25,16
324,33,24,89,43,11,0,0,324,149,16
225,96,82,32,87,9,0,0,225,195,18
105,45,12,37,79,18,0,0,105,86,18
385,10,45,67,19,11,0,0,385,77,19
39,86,33,16,20,11,0,0,39,8,21
21,20,14,39,61,12,8,0,13,9,26
313,3,97,2,19,2,290,0,23,4,27
312,2,53,95,48,6,304,0,8,8,1
427,43,20,16,50,11,0,0,427,207,15
154,77,34,90,10,17,0,0,154,19,15
330,49,100,35,55,19,0,0,330,183,15
433,67,41,58,47,8,0,0,433,192,16
105,42,48,62,88,19,0,0,105,84,18
46,21,47,83,96,22,24,0,22,20,20
388,84,99,95,68,3,0,0,388,246,21
356,98,76,54,75,4,0,0,356,254,26
394,38,19,81,61,2,2,0,392,237,42
282,57,42,5,15,22,0,0,282,44,15
451,8,65,49,4,8,0,0,451,21,18
102,38,0,12,61,13,0,0,102,66,19
361,7,69,47,71,20,0,0,361,244,25
288,32,100,44,86,6,7,0,281,233,26
163,32,100,84,68,7,0,0,163,95,29
436,10,100,20,55,6,10,0,426,228,35
116,4,8,64,59,19,18,0,98,59,41
302,2,85,27,67,21,113,0,189,117,74
364,9,67,25,72,3,50,0,314,229,75
112,66,56,94,61,11,0,0,112,61,17
238,14,1,45,16,19,0,0,238,38,17
274,16,91,89,40,10,0,0,274,107,19
443,15,77,50,91,18,0,0,443,397,20
93,11,43,89,34,13,0,0,93,29,27
67,67,69,11,58,14,0,0,67,30,28
31,11,10,9,55,22,0,0,31,16,32
48,15,52,92,68,9,4,0,44,28,32
92,9,16,52,58,11,5,0,87,53,40
339,98,77,4,72,2,169,0,170,119,44
440,42,14,27,26,18,0,0,440,109,15
227,52,11,1,80,19,0,0,227,189,15
217,80,93,67,73,0,210,0,7,5,15
118,79,52,45,48,0,111,0,7,4,15
80,82,22,57,62,1,68,0,12,9,16
418,55,14,15,83,10,0,0,418,346,17
343,54,23,72,67,5,0,0,343,228,19
443,20,92,60,77,11,0,0,443,333,19
359,61,10,89,88,6,1,0,358,324,24
161,6,13,21,26,22,0,0,161,39,26
179,5,74,41,100,21,168,0,11,11,1
228,31,46,11,65,0,217,0,11,5,15
111,100,37,48,34,14,0,0,111,39,15
177,33,91,32,25,11,0,0,177,48,18
354,59,1,20,52,5,0,0,354,184,19
198,35,12,11,7,8,0,0,198,22,19
43,28,49,53,23,6,4,0,39,10,25
128,98,39,83,40,6,0,0,128,52,27
170,30,48,62,42,5,0,0,170,70,31
414,59,18,54,75,1,137,0,277,211,34
205,76,87,25,31,0,195,0,10,2,15
373,29,70,43,54,19,0,0,373,192,15
145,96,93,14,27,0,138,0,7,1,15
385,87,11,16,8,15,0,0,385,27,15
337,39,78,99,99,19,0,0,337,329,15
119,66,65,63,9,15,0,0,119,7,16
187,52,89,60,3,16,0,0,187,10,16
56,72,75,92,76,13,1,0,55,41,21
29,16,42,97,92,6,20,0,9,5,36
85,97,76,67,44,3,29,0,56,29,37
391,88,57,34,49,7,0,0,391,190,15
231,38,35,27,38,0,218,0,13,7,15
201,34,16,6,2,17,0,0,201,1,15
126,83,5,20,73,22,0,0,126,88,15
266,54,39,49,99,8,112,0,154,152,16
177,40,75,30,98,20,4,0,173,166,16
199,16,39,55,43,22,0,0,199,84,18
51,21,71,92,61,2,40,0,11,8,23
223,49,20,44,93,7,39,0,184,175,25
323,41,62,57,52,1,198,0,125,65,42
61,84,38,36,13,22,0,0,61,8,15
280,95,95,5,91,10,1,0,279,253,15
208,63,79,53,83,22,0,0,208,175,15
91,67,85,86,78,15,0,0,91,72,16
183,47,90,89,56,10,0,0,183,88,18
270,61,48,86,70,12,0,0,270,182,19
49,21,83,98,2,19,0,0,49,2,20
375,10,96,96,54,8,0,0,375,212,20
231,28,90,81,36,7,0,0,231,80,21
164,27,20,78,21,7,0,0,164,28,21
357,38,94,10,1,12,0,0,357,1,15
76,95,67,77,45,15,0,0,76,32,15
24,10,82,20,84,14,17,0,7,6,15
348,91,82,74,22,7,0,0,348,74,15
108,22,15,54,28,14,0,0,108,23,18
260,29,64,64,39,7,0,0,260,103,20
415,92,62,64,16,2,0,0,415,68,20
68,97,49,80,15,4,1,0,67,5,31
392,27,87,67,16,1,27,0,365,56,47
160,16,85,50,51,5,22,0,138,75,95
339,83,65,33,6,0,300,0,39,1,15
23,19,7,62,90,4,13,0,10,8,15
378,92,40,51,44,7,0,0,378,155,15
273,38,2,60,67,9,0,0,273,194,17
277,52,37,3,29,9,0,0,277,81,17
92,60,62,24,47,21,0,0,92,53,17
75,80,19,79,68,11,0,0,75,49,21
223,69,22,76,48,4,0,0,223,108,23
12,56,69,20,40,10,0,0,12,5,28
31,93,93,41,37,9,0,0,31,15,30
95,3,75,73,82,12,83,0,12,11,15
76,52,89,54,15,0,67,0,9,1,15
138,48,27,38,12,20,0,0,138,19,15
116,76,24,38,13,11,0,0,116,11,16
128,17,29,53,14,11,0,0,128,20,21
215,50,92,94,38,4,0,0,215,79,23
312,13,96,50,76,15,0,0,312,226,24
184,65,71,60,26,5,0,0,184,36,24
388,9,5,33,79,7,0,0,388,280,24
197,41,83,4,10,3,106,0,91,9,49
319,66,35,87,28,18,0,0,319,86,15
159,53,28,23,20,12,0,0,159,32,17
271,19,33,44,54,18,0,0,271,123,17
238,11,80,89,20,12,0,0,238,44,19
361,85,2,31,5,3,0,0,361,16,19
120,82,70,25,87,3,66,0,54,41,25
285,12,84,11,55,19,0,0,285,148,25
258,8,94,14,69,13,62,0,196,143,28
163,93,50,0,43,3,1,0,162,74,36
395,61,83,22,18,2,7,0,388,61,65
43,15,60,14,88,3,26,0,17,14,15
195,74,88,85,75,20,0,0,195,142,15
308,45,86,80,65,20,0,0,308,204,15
418,47,52,39,2,15,0,0,418,9,15
418,38,35,27,60,9,0,0,418,253,17
220,41,1,42,20,4,0,0,220,36,22
32,39,63,3,9,15,0,0,32,1,27
341,71,63,69,54,2,0,0,341,181,31
157,96,58,16,52,3,39,0,118,60,37
371,16,37,9,45,2,15,0,356,157,42
76,52,91,38,68,3,65,0,11,11,1
17,1,67,18,11,10,12,0,5,1,15
370,96,58,77,24,11,0,0,370,78,15
288,31,74,50,88,18,0,0,288,251,16
67,80,20,71,40,16,0,0,67,27,16
28,54,15,51,56,18,0,0,28,14,20
384,8,23,69,75,14,0,0,384,276,20
367,87,0,80,70,4,0,0,367,262,21
438,6,92,5,37,9,7,0,431,155,30
347,2,89,7,45,8,142,0,205,83,76
81,41,44,70,99,10,49,0,32,32,1
189,50,0,39,99,22,11,0,178,178,1
358,81,99,89,84,21,0,0,358,295,15
307,24,13,54,22,18,0,0,307,68,15
335,32,25,58,69,20,0,0,335,221,15
356,28,82,3,6,17,0,0,356,23,16
123,29,97,72,96,13,40,0,83,79,22
312,20,16,73,55,3,0,0,312,156,30
113,44,37,62,92,7,17,0,96,83,38
84,85,82,50,45,3,43,0,41,25,54
88,42,81,12,71,3,72,0,16,15,15
216,45,48,51,81,0,207,0,9,8,15
419,65,20,25,46,11,0,0,419,181,15
434,72,93,82,61,15,0,0,434,275,15
374,23,52,85,39,16,0,0,374,134,16
340,13,58,51,15,19,0,0,340,54,17
284,13,45,96,74,20,0,0,284,206,20
48,94,16,46,82,14,1,0,47,37,24
81,90,21,34,50,8,0,0,81,44,27
151,63,71,42,76,2,86,0,65,46,40
324,21,13,10,54,0,307,0,17,8,15
412,83,38,95,59,9,0,0,412,227,15
304,97,91,13,82,17,0,0,304,252,15
214,34,19,80,33,16,0,0,214,73,16
345,29,32,33,3,8,0,0,345,21,17
270,16,46,36,76,16,0,0,270,202,19
430,5,10,1,5,22,0,0,430,18,19
181,36,37,35,81,7,2,0,179,139,27
267,3,18,91,3,3,1,0,266,7,38
275,78,69,74,30,1,21,0,254,83,53
274,50,49,89,35,0,262,0,12,3,15
356,72,51,41,23,21,0,0,356,72,15
425,81,97,10,52,0,386,0,39,22,15
134,68,44,7,15,16,0,0,134,17,15
417,47,11,9,31,21,0,0,417,140,15
223,24,76,47,16,16,0,0,223,33,17
337,42,69,56,14,4,0,0,337,48,19
160,58,95,30,95,5,98,0,62,56,27
38,2,53,45,17,18,25,0,13,1,29
175,16,22,66,45,5,0,0,175,78,31
58,6,83,5,86,0,53,0,5,5,1
229,66,96,97,99,19,1,0,228,224,15
388,68,90,97,29,15,0,0,388,123,15
28,13,54,73,77,9,20,0,8,7,15
160,50,27,6,71,14,0,0,160,109,16
141,34,16,31,27,20,0,0,141,39,17
295,33,94,39,29,4,0,0,295,91,21
131,11,13,5,87,13,35,0,96,90,28
173,96,82,96,28,1,39,0,134,31,61
432,1,35,67,60,11,73,0,359,216,62
223,88,90,27,20,0,210,0,13,4,15
322,90,7,47,81,15,0,0,322,261,15
79,9,37,57,93,18,70,0,9,8,15
127,87,27,39,65,16,0,0,127,83,17
130,39,76,33,45,1,110,0,20,10,18
395,11,15,3,51,16,0,0,395,208,20
400,72,47,85,54,3,0,0,400,200,20
389,62,81,65,16,2,0,0,389,55,24
285,3,41,96,37,7,0,0,285,108,36
284,3,77,8,51,14,49,0,235,121,57
408,45,74,52,44,16,0,0,408,175,15
346,41,66,26,21,13,0,0,346,76,15
308,75,83,74,87,15,0,0,308,262,15
187,80,8,63,14,21,0,0,187,28,15
182,90,9,93,48,12,0,0,182,82,16
407,22,13,6,87,13,0,0,407,357,17
267,43,40,35,69,11,0,0,267,181,17
122,47,40,8,39,1,75,0,47,17,30
190,80,88,95,67,1,129,0,61,41,32
321,57,76,79,54,1,26,0,295,172,75
296,83,18,88,98,4,91,0,205,202,15
114,36,32,83,35,21,0,0,114,33,17
346,41,24,84,5,6,0,0,346,15,17
25,49,19,47,50,21,0,0,25,9,19
275,64,67,16,83,6,0,0,275,225,22
127,64,25,68,92,19,0,0,127,118,24
245,91,78,62,22,3,0,0,245,48,24
161,8,43,90,48,10,0,0,161,68,25
22,26,24,97,52,5,13,0,9,3,29
54,9,59,38,44,6,14,0,40,13,52
427,57,33,81,100,2,282,0,145,145,1
122,97,74,22,76,18,0,0,122,85,15
123,50,84,32,98,11,68,0,55,52,15
137,78,2,49,20,9,0,0,137,21,18
84,45,53,30,52,14,0,0,84,45,19
431,60,23,17,95,7,0,0,431,402,19
68,26,50,69,34,18,0,0,68,27,22
100,40,85,85,22,8,0,0,100,22,22
163,85,92,25,32,7,0,0,163,46,27
263,1,31,93,63,20,106,0,157,104,93
263,20,24,24,15,0,237,0,26,2,15
288,80,82,24,33,21,0,0,288,74,15
376,97,57,58,99,16,0,0,376,369,15
305,71,52,46,97,2,255,0,50,48,15
261,19,62,81,12,21,0,0,261,32,16
217,25,76,99,52,10,0,0,217,121,19
370,22,73,54,33,5,0,0,370,113,21
54,25,23,2,11,12,0,0,54,7,22
45,61,95,55,69,7,11,0,34,24,29
293,16,99,13,61,5,46,0,247,149,34
277,47,92,40,85,20,0,0,277,231,15
318,86,16,75,24,17,0,0,318,81,15
245,90,39,37,37,14,0,0,245,88,15
54,58,19,64,87,9,22,0,32,29,15
215,20,36,99,10,18,0,0,215,23,16
91,63,3,46,76,13,0,0,91,65,18
345,7,34,26,49,18,0,0,345,170,21
26,6,57,10,23,5,12,0,14,4,28
324,16,28,75,74,4,0,0,324,244,35
425,6,33,90,22,1,7,0,418,99,61
10,26,92,36,94,14,4,0,6,6,1
55,52,74,17,92,21,32,0,23,22,15
441,23,90,63,90,9,0,0,441,394,16
303,77,69,94,72,8,0,0,303,222,16
196,38,81,81,15,10,0,0,196,35,17
253,11,52,93,25,20,0,0,253,60,19
36,88,19,30,92,16,6,0,30,27,21
74,57,97,39,70,3,49,0,25,17,27
47,17,30,17,41,14,1,0,46,19,34
118,74,85,31,0,4,1,0,117,0,40
289,52,67,64,85,1,219,0,70,64,15
422,63,42,50,96,16,0,0,422,384,15
258,93,64,28,93,17,0,0,258,247,15
422,45,50,85,86,15,0,0,422,357,15
383,34,32,34,80,13,0,0,383,302,16
389,32,34,64,36,6,0,0,389,136,18
348,70,87,31,53,4,0,0,348,179,28
331,1,27,5,67,15,269,0,62,45,52
370,1,14,60,51,12,45,0,325,165,64
228,4,0,79,14,1,106,0,122,29,87
278,68,15,28,43,22,0,0,278,129,15
444,98,56,52,22,18,0,0,444,103,15
353,98,3,17,53,9,0,0,353,185,15
435,90,73,67,14,7,0,0,435,59,16
407,78,3,47,54,5,0,0,407,218,16
162,93,31,88,7,6,0,0,162,12,18
50,80,8,53,77,1,40,0,10,6,18
309,19,51,23,14,12,0,0,309,38,18
229,91,9,66,58,6,0,0,229,129,19
191,6,1,3,84,17,6,0,185,152,38
46,85,45,13,87,9,32,0,14,14,1
72,14,45,71,3,0,67,0,5,1,15
332,37,4,100,36,0,321,0,11,5,15
402,38,23,62,46,0,370,0,32,13,15
351,14,93,23,94,1,310,0,41,37,15
293,33,64,19,81,15,0,0,293,243,17
367,45,77,35,68,5,0,0,367,252,23
275,57,95,6,65,6,36,0,239,146,26
213,98,40,98,38,2,4,0,209,82,39
412,36,36,41,56,1,11,0,401,202,57
337,44,58,96,55,17,0,0,337,179,15
364,36,7,50,83,20,0,0,364,302,15
428,36,68,81,82,22,0,0,428,346,15
240,31,46,51,38,0,225,0,15,7,15
131,13,69,95,58,16,0,0,131,75,22
172,92,8,41,40,5,0,0,172,74,25
46,82,80,7,32,15,0,0,46,21,26
428,83,5,13,68,3,0,0,428,288,27
45,17,100,83,28,6,1,0,44,9,32
174,4,53,66,27,10,0,0,174,42,36
57,21,22,75,85,12,49,0,8,8,1
41,40,3,14,74,22,33,0,8,8,1
434,53,11,72,38,17,0,0,434,165,15
440,19,24,7,100,10,166,0,274,273,15
51,78,45,16,68,17,0,0,51,30,22
120,95,49,56,84,7,0,0,120,102,23
122,36,99,76,96,12,36,0,86,82,27
45,2,71,100,38,22,33,0,12,6,36
325,34,37,84,42,2,2,0,323,125,45
89,15,76,74,30,4,2,0,87,25,46
390,29,41,58,36,22,0,0,390,145,15
281,68,48,87,71,9,0,0,281,187,15
399,62,80,41,66,10,0,0,399,257,17
47,87,54,24,20,20,0,0,47,4,20
58,45,65,93,83,16,0,0,58,47,27
415,59,0,75,77,2,20,0,395,303,28
46,96,77,56,4,7,0,0,46,1,29
378,12,40,3,98,18,28,0,350,340,36
65,33,28,18,88,18,2,0,63,55,36
174,3,98,44,15,20,6,0,168,26,42
49,32,89,77,98,6,39,0,10,10,1
260,76,31,94,83,12,0,0,260,210,15
398,68,59,96,69,14,0,0,398,256,15
367,94,1,100,96,13,0,0,367,350,15
156,6,26,77,71,0,145,0,11,7,15
296,19,47,73,51,7,0,0,296,146,21
343,73,36,24,76,7,0,0,343,257,21
57,65,74,41,67,10,0,0,57,39,23
87,43,60,27,71,1,72,0,15,10,34
335,55,71,67,70,1,108,0,227,157,67
270,28,81,53,97,17,6,0,264,255,15
89,4,13,83,79,6,80,0,9,8,15
234,51,81,99,34,15,0,0,234,88,16
423,24,75,34,10,10,0,0,423,38,17
160,73,99,31,61,8,0,0,160,95,21
401,87,73,78,17,2,0,0,401,62,21
174,36,78,61,85,21,0,0,174,148,22
71,52,73,17,57,13,1,0,70,35,26
89,46,86,65,47,5,0,0,89,37,41
288,76,46,84,81,3,4,0,284,210,42
377,0,1,28,63,16,372,0,5,2,15
411,56,19,20,23,11,0,0,411,102,15
30,86,88,79,33,19,0,0,30,7,19
253,10,46,1,18,13,0,0,253,40,21
136,19,30,74,64,19,0,0,136,80,22
52,21,16,29,77,8,8,0,44,36,23
56,36,7,28,79,17,0,0,56,44,23
23,86,67,96,66,8,10,0,13,9,25
402,26,91,9,87,9,23,0,379,323,37
83,33,63,49,42,5,1,0,82,31,39
13,41,45,32,94,12,7,0,6,6,1
15,5,45,77,68,11,10,0,5,4,15
420,24,96,31,94,18,2,0,418,389,15
307,95,17,51,33,22,0,0,307,121,15
160,39,13,88,12,12,0,0,160,23,16
112,49,60,38,13,17,0,0,112,14,16
159,27,9,6,6,12,0,0,159,8,17
426,54,67,12,67,4,0,0,426,280,23
110,7,7,99,62,10,0,0,110,66,32
388,21,87,44,66,1,195,0,193,122,55
304,46,80,73,83,0,282,0,22,14,15
374,71,69,19,47,16,0,0,374,159,15
285,100,98,41,39,20,0,0,285,122,15
178,87,58,5,54,16,0,0,178,104,15
296,51,32,43,84,21,0,0,296,255,15
356,19,14,8,9,6,0,0,356,20,18
277,82,28,55,81,10,0,0,277,231,19
67,49,29,39,46,17,0,0,67,33,19
194,82,96,60,78,12,0,0,194,150,21
81,25,19,27,56,15,0,0,81,42,25
151,13,59,12,91,15,139,0,12,12,1
374,81,67,29,73,21,0,0,374,270,15
381,50,25,82,3,14,0,0,381,15,15
339,77,28,0,0,14,0,0,339,0,15
21,98,52,97,67,5,12,0,9,8,15
326,21,11,56,36,18,0,0,326,111,16
170,75,31,77,23,9,0,0,170,46,16
95,34,56,91,73,2,66,0,29,18,28
269,16,57,10,69,4,1,0,268,177,47
105,11,58,50,57,3,21,0,84,46,61
81,1,90,44,73,22,76,0,5,5,1
260,87,48,5,92,19,0,0,260,229,15
397,78,93,38,30,9,0,0,397,109,15
410,42,44,67,57,21,0,0,410,232,15
366,41,25,20,16,11,0,0,366,62,16
143,53,98,76,43,12,0,0,143,60,16
260,17,9,99,24,20,0,0,260,75,17
99,74,25,5,67,7,0,0,99,56,26
74,43,80,43,43,7,0,0,74,37,28
75,100,47,7,36,5,4,0,71,22,30
289,46,84,55,52,10,0,0,289,140,15
270,88,69,25,76,13,0,0,270,207,15
395,70,96,57,38,22,0,0,395,160,15
267,31,5,72,5,11,0,0,267,14,16
299,98,73,57,51,7,0,0,299,140,16
52,26,82,24,31,13,0,0,52,14,24
339,7,12,25,72,8,1,0,338,248,25
193,5,16,32,2,10,0,0,193,2,26
27,38,78,60,17,9,5,0,22,5,27
425,30,20,57,92,2,83,0,342,304,41
403,35,86,51,97,20,1,0,402,385,15
365,75,23,37,66,19,0,0,365,249,15
70,0,91,95,84,14,65,0,5,4,15
404,46,96,29,24,12,0,0,404,83,15
225,47,19,6,58,15,0,0,225,129,16
368,10,8,78,9,16,0,0,368,28,17
141,46,8,94,87,10,0,0,141,122,19
330,43,20,50,80,8,0,0,330,264,19
338,98,41,35,70,2,18,0,320,217,28
123,58,53,96,95,7,16,0,107,100,30
421,47,93,33,37,13,0,0,421,145,15
136,30,2,95,43,12,0,0,136,60,18
279,13,0,31,34,16,0,0,279,102,18
125,77,26,20,48,9,0,0,125,56,18
283,11,36,39,16,19,0,0,283,45,19
180,28,40,18,78,17,0,0,180,137,20
160,1,18,97,59,2,148,0,12,9,22
212,7,39,98,90,3,177,0,35,31,24
449,12,76,13,7,4,0,0,449,37,26
78,20,25,18,40,9,0,0,78,32,28
225,77,11,25,61,18,0,0,225,137,15
198,1,100,9,47,13,191,0,7,4,15
312,41,29,19,23,16,0,0,312,74,15
12,42,65,49,78,17,3,0,9,7,15
115,85,58,69,16,6,0,0,115,21,22
162,31,83,26,44,1,138,0,24,12,25
301,99,57,65,82,2,55,0,246,203,28
396,93,93,2,24,3,24,0,372,103,29
172,6,64,40,60,13,9,0,163,102,36
394,6,47,6,77,12,4,0,390,297,38
434,59,53,69,47,10,0,0,434,220,15
194,96,17,84,80,22,0,0,194,157,15
120,58,4,66,34,17,0,0,120,46,15
15,47,25,11,79,9,4,0,11,9,15
268,50,58,93,79,14,0,0,268,227,15
69,72,85,80,56,17,0,0,69,42,18
440,68,34,10,15,4,0,0,440,66,19
56,75,28,40,54,11,0,0,56,35,19
141,66,10,35,63,2,28,0,113,68,45
308,7,97,53,45,3,8,0,300,126,54
434,55,20,74,97,11,0,0,434,417,15
418,49,33,78,91,18,0,0,418,381,15
409,36,16,49,33,20,0,0,409,128,15
72,89,33,53,65,22,0,0,72,43,16
195,76,86,100,58,15,0,0,195,109,16
446,95,17,89,19,5,0,0,446,85,16
443,59,14,96,26,5,0,0,443,109,16
390,76,83,57,71,4,0,0,390,271,19
147,71,65,9,91,5,83,0,64,60,23
404,52,32,16,47,1,30,0,374,175,45
152,0,78,47,98,20,147,0,5,5,1
268,60,99,61,29,19,0,0,268,72,15
13,91,95,99,72,19,0,0,13,10,19
109,35,91,19,60,22,0,0,109,56,20
65,86,17,1,68,2,55,0,10,7,20
234,60,10,95,51,1,124,0,110,70,35
75,29,57,36,55,8,5,0,70,38,39
269,85,29,69,25,1,7,0,262,59,41
154,76,44,7,36,3,2,0,152,55,49
194,1,10,18,34,17,65,0,129,44,137
269,80,94,5,69,20,0,0,269,181,15
34,87,47,56,89,1,27,0,7,6,15
11,23,47,89,66,9,5,0,6,4,15
179,39,54,3,15,17,0,0,179,21,16
128,70,5,87,83,15,0,0,128,108,16
55,43,88,21,41,20,0,0,55,27,18
268,35,15,75,94,22,1,0,267,250,20
167,86,30,80,45,3,0,0,167,73,30
372,50,93,10,65,1,303,0,69,48,33
253,11,95,36,76,4,49,0,204,158,51
18,79,92,52,100,16,9,0,9,9,1
228,98,4,24,76,0,196,0,32,25,15
306,96,61,74,27,10,0,0,306,69,15
314,55,29,72,40,22,0,0,314,140,15
345,100,67,33,62,15,0,0,345,226,15
25,44,92,35,74,11,16,0,9,8,15
81,100,16,13,75,15,0,0,81,58,16
202,30,45,86,66,9,0,0,202,130,19
82,25,21,18,35,10,0,0,82,24,22
355,67,78,49,2,2,0,0,355,12,24
314,0,24,92,28,10,309,0,5,1,15
126,40,14,53,33,18,0,0,126,44,16
294,22,97,61,49,19,0,0,294,142,16
393,64,13,14,57,10,0,0,393,223,16
77,95,45,93,59,19,0,0,77,49,17
412,23,24,44,41,3,0,0,412,155,21
355,9,73,96,53,7,0,0,355,183,25
20,36,60,78,35,22,0,0,20,6,26
449,86,58,9,77,4,5,0,444,356,28
21,84,7,70,21,7,1,0,20,5,35
317,97,2,88,83,0,293,0,24,21,15
91,86,69,5,80,14,17,0,74,63,15
416,99,43,60,44,5,0,0,416,168,16
206,83,27,28,90,17,0,0,206,193,17
27,45,45,2,27,1,20,0,7,3,24
311,26,91,77,79,6,0,0,311,253,27
424,74,69,40,81,3,3,0,421,324,31
39,11,68,98,38,11,6,0,33,13,32
446,4,79,62,83,21,20,0,426,355,38
334,8,1,65,16,1,1,0,333,51,57
247,8,89,8,97,1,229,0,18,18,1
136,81,62,90,17,13,0,0,136,20,15
426,69,99,54,46,18,0,0,426,214,15
222,65,86,15,7,21,0,0,222,10,15
218,15,20,76,98,22,14,0,204,197,19
114,65,22,61,77,21,0,0,114,90,19
262,83,56,13,50,6,0,0,262,131,20
146,83,75,84,80,6,0,0,146,118,22
428,99,97,40,62,4,0,0,428,275,27
76,32,81,45,22,2,52,0,24,5,34
419,57,4,85,76,14,0,0,419,320,15
375,88,60,58,13,9,0,0,375,51,15
283,85,10,74,23,9,0,0,283,66,15
44,78,15,51,98,8,18,0,26,24,15
262,78,4,22,29,17,0,0,262,62,15
305,59,84,1,23,6,0,0,305,76,16
309,28,22,0,25,12,0,0,309,95,16
439,78,48,83,49,3,0,0,439,225,18
295,14,8,7,86,1,261,0,34,30,25
60,5,80,99,25,2,43,0,17,5,44
56,18,43,52,22,0,49,0,7,0,15
397,72,78,1,89,17,0,0,397,356,15
195,72,40,55,41,20,0,0,195,74,15
199,48,7,100,76,15,0,0,199,144,16
150,100,21,15,23,12,0,0,150,38,16
124,49,93,48,32,12,0,0,124,47,18
197,62,13,30,69,6,0,0,197,135,19
12,28,10,28,34,18,0,0,12,5,29
240,83,25,24,86,2,113,0,127,107,36
364,5,5,81,92,20,56,0,308,291,45
285,95,13,39,51,14,0,0,285,134,15
92,86,77,3,39,16,0,0,92,36,16
433,18,41,79,59,8,0,0,433,255,17
152,45,100,92,21,12,0,0,152,35,17
340,46,42,96,14,4,0,0,340,54,19
122,40,11,45,11,7,0,0,122,12,22
206,14,84,80,70,20,0,0,206,152,23
274,53,0,2,76,3,4,0,270,202,30
29,10,48,47,28,21,6,0,23,4,33
111,64,96,80,67,4,8,0,103,61,42
170,0,86,91,14,7,165,0,5,1,15
444,32,63,81,9,8,0,0,444,43,16
430,64,43,4,0,4,0,0,430,0,16
51,34,6,87,18,14,0,0,51,6,19
268,43,2,61,36,6,0,0,268,94,20
83,72,50,90,31,10,0,0,83,21,20
29,63,27,72,36,11,0,0,29,12,28
344,40,22,35,58,3,0,0,344,198,30
194,1,10,10,18,10,24,0,170,29,66
194,1,10,18,34,17,187,0,7,4,22
194,1,10,18,34,17,39,0,155,45,61
194,1,10,18,34,17,46,0,148,44,61
194,1,10,18,34,17,57,0,137,38,67
194,1,10,18,34,17,45,0,149,45,68
194,1,10,18,34,17,65,0,129,44,137
194,1,10,18,34,17,61,0,133,44,63
194,1,10,18,34,17,43,0,151,45,64
194,1,10,18,34,17,58,0,136,52,68
194,1,10,18,34,17,35,0,159,49,68
194,1,10,18,34,17,67,0,127,41,75
194,1,10,18,34,17,48,0,146,46,77
194,1,10,18,34,17,42,0,152,49,89
194,1,10,18,34,17,60,0,134,43,91
194,1,10,18,34,17,80,0,114,42,107
194,1,10,18,34,17,57,0,137,42,110
194,1,10,18,34,17,94,0,100,35,57
194,1,10,18,34,17,35,0,159,44,69
194,1,10,18,34,17,57,0,137,52,76
194,1,10,18,34,17,54,0,140,42,77
194,1,10,18,34,17,52,0,142,48,78
194,1,10,18,34,17,65,0,129,40,79
194,1,10,18,34,17,39,0,155,49,82
194,1,10,18,34,17,47,0,147,46,92
194,1,10,18,34,17,34,0,160,61,93
194,1,10,18,34,17,47,0,147,43,104
167,79,96,22,21,22,0,0,167,33,15
217,66,52,67,52,18,0,0,217,91,15
19,87,65,20,59,4,13,0,6,3,15
146,83,72,67,2,0,136,0,10,0,15
360,90,62,19,82,9,0,0,360,298,18
319,82,52,87,2,6,0,0,319,5,18
148,70,61,23,74,12,0,0,148,99,20
28,93,20,85,66,10,1,0,27,17,21
195,13,72,19,98,21,85,0,110,107,23
422,4,75,2,54,19,5,0,417,232,35
